fuel_flow,fuel_sensor,confidence,status
2.5,4997,99.75062344139651,NORMAL
2.4,4995,99.99000099989995,NORMAL
2.6,4992,99.75062344139651,NORMAL
2.5,4800,0.27624309392265195,FAULTY
2.4,4795,0.26885507528479713,FAULTY
